Name,Value
SerialNo,0
HwVersionMajor,21
HwVersionMinor,0
ProductionYear,0
ProductionMonth,0
ProductionDay,0
MemoryRetryQty,0
MemoryRetryDelayMs,0
WatchdogTimeMs,0
DateYearConfig,0
DateMonthConfig,0
DateDayConfig,0
ClockHourConfig,0
ClockMinuteConfig,0
ClockSecondConfig,0
UpStreamBaudrate,0
ShodowHoldingRegisterConfig[0],0
ShodowHoldingRegisterConfig[1],0
ShodowHoldingRegisterConfig[2],0
ShodowHoldingRegisterConfig[3],0
ShodowHoldingRegisterConfig[4],0
ShodowHoldingRegisterConfig[5],0
ShodowHoldingRegisterConfig[6],0
ShodowHoldingRegisterConfig[7],0
ShodowHoldingRegisterConfig[8],0
ShodowHoldingRegisterConfig[9],0
ShodowHoldingRegisterConfig[10],0
ShodowHoldingRegisterConfig[11],0
ShodowHoldingRegisterConfig[12],0
ShodowHoldingRegisterConfig[13],0
ShodowHoldingRegisterConfig[14],0
ShodowHoldingRegisterConfig[15],0
ShodowHoldingRegisterConfig[16],0
ShodowHoldingRegisterConfig[17],0
ShodowHoldingRegisterConfig[18],0
ShodowHoldingRegisterConfig[19],0
ShodowHoldingRegisterConfig[20],0
ShodowHoldingRegisterConfig[21],0
ShodowHoldingRegisterConfig[22],0
ShodowHoldingRegisterConfig[23],0
ShodowHoldingRegisterConfig[24],0
ShodowHoldingRegisterConfig[25],0
ShodowHoldingRegisterConfig[26],0
ShodowHoldingRegisterConfig[27],0
ShodowHoldingRegisterConfig[28],0
ShodowHoldingRegisterConfig[29],0
ShodowHoldingRegisterConfig[30],0
ShodowHoldingRegisterConfig[31],0
ShodowHoldingRegisterConfig[32],0
ShodowHoldingRegisterConfig[33],0
ShodowHoldingRegisterConfig[34],0
ShodowHoldingRegisterConfig[35],0
ShodowHoldingRegisterConfig[36],0
ShodowHoldingRegisterConfig[37],0
ShodowHoldingRegisterConfig[38],0
ShodowHoldingRegisterConfig[39],0
ShodowHoldingRegisterConfig[40],0
ShodowHoldingRegisterConfig[41],0
ShodowHoldingRegisterConfig[42],0
ShodowHoldingRegisterConfig[43],0
ShodowHoldingRegisterConfig[44],0
ShodowHoldingRegisterConfig[45],0
ShodowHoldingRegisterConfig[46],0
ShodowHoldingRegisterConfig[47],0
ShodowHoldingRegisterConfig[48],0
ShodowHoldingRegisterConfig[49],0
ShodowHoldingRegisterConfig[50],0
ShodowHoldingRegisterConfig[51],0
ShodowHoldingRegisterConfig[52],0
ShodowHoldingRegisterConfig[53],0
ShodowHoldingRegisterConfig[54],0
ShodowHoldingRegisterConfig[55],0
ShodowHoldingRegisterConfig[56],0
ShodowHoldingRegisterConfig[57],0
ShodowHoldingRegisterConfig[58],0
ShodowHoldingRegisterConfig[59],0
ShodowHoldingRegisterConfig[60],0
ShodowHoldingRegisterConfig[61],0
ShodowHoldingRegisterConfig[62],0
ShodowHoldingRegisterConfig[63],0
ShodowHoldingRegisterConfig[64],0
ShodowHoldingRegisterConfig[65],0
ShodowHoldingRegisterConfig[66],0
ShodowHoldingRegisterConfig[67],0
ShodowHoldingRegisterConfig[68],0
ShodowHoldingRegisterConfig[69],0
ShodowHoldingRegisterConfig[70],0
ShodowHoldingRegisterConfig[71],0
ShodowHoldingRegisterConfig[72],0
ShodowHoldingRegisterConfig[73],0
ShodowHoldingRegisterConfig[74],0
ShodowHoldingRegisterConfig[75],0
ShodowHoldingRegisterConfig[76],0
ShodowHoldingRegisterConfig[77],0
ShodowHoldingRegisterConfig[78],0
ShodowHoldingRegisterConfig[79],0
ShodowHoldingRegisterConfig[80],0
ShodowHoldingRegisterConfig[81],0
ShodowHoldingRegisterConfig[82],0
ShodowHoldingRegisterConfig[83],0
ShodowHoldingRegisterConfig[84],0
ShodowHoldingRegisterConfig[85],0
ShodowHoldingRegisterConfig[86],0
ShodowHoldingRegisterConfig[87],0
ShodowHoldingRegisterConfig[88],0
ShodowHoldingRegisterConfig[89],0
ShodowHoldingRegisterConfig[90],0
ShodowHoldingRegisterConfig[91],0
ShodowHoldingRegisterConfig[92],0
ShodowHoldingRegisterConfig[93],0
ShodowHoldingRegisterConfig[94],0
ShodowHoldingRegisterConfig[95],0
ShodowHoldingRegisterConfig[96],0
ShodowHoldingRegisterConfig[97],0
ShodowHoldingRegisterConfig[98],0
ShodowHoldingRegisterConfig[99],0
ShodowHoldingRegisterConfig[100],0
ShodowHoldingRegisterConfig[101],0
ShodowHoldingRegisterConfig[102],0
ShodowHoldingRegisterConfig[103],0
ShodowHoldingRegisterConfig[104],0
ShodowHoldingRegisterConfig[105],0
ShodowHoldingRegisterConfig[106],0
ShodowHoldingRegisterConfig[107],0
ShodowHoldingRegisterConfig[108],0
ShodowHoldingRegisterConfig[109],0
ShodowHoldingRegisterConfig[110],0
ShodowHoldingRegisterConfig[111],0
ShodowHoldingRegisterConfig[112],0
ShodowHoldingRegisterConfig[113],0
ShodowHoldingRegisterConfig[114],0
ShodowHoldingRegisterConfig[115],0
ShodowHoldingRegisterConfig[116],0
ShodowHoldingRegisterConfig[117],0
ShodowHoldingRegisterConfig[118],0
ShodowHoldingRegisterConfig[119],0
ShodowHoldingRegisterConfig[120],0
ShodowHoldingRegisterConfig[121],0
ShodowHoldingRegisterConfig[122],0
ShodowHoldingRegisterConfig[123],0
ShodowHoldingRegisterConfig[124],0
ShodowHoldingRegisterConfig[125],0
ShodowHoldingRegisterConfig[126],0
ShodowHoldingRegisterConfig[127],0
ShodowHoldingRegisterConfig[128],0
ShodowHoldingRegisterConfig[129],0
ShodowHoldingRegisterConfig[130],0
ShodowHoldingRegisterConfig[131],0
ShodowHoldingRegisterConfig[132],0
ShodowHoldingRegisterConfig[133],0
ShodowHoldingRegisterConfig[134],0
ShodowHoldingRegisterConfig[135],0
ShodowHoldingRegisterConfig[136],0
ShodowHoldingRegisterConfig[137],0
ShodowHoldingRegisterConfig[138],0
ShodowHoldingRegisterConfig[139],0
ShodowHoldingRegisterConfig[140],0
ShodowHoldingRegisterConfig[141],0
ShodowHoldingRegisterConfig[142],0
ShodowHoldingRegisterConfig[143],0
ShodowHoldingRegisterConfig[144],0
ShodowHoldingRegisterConfig[145],0
ShodowHoldingRegisterConfig[146],0
ShodowHoldingRegisterConfig[147],0
ShodowHoldingRegisterConfig[148],0
ShodowHoldingRegisterConfig[149],0
ShodowHoldingRegisterConfig[150],0
ShodowHoldingRegisterConfig[151],0
ShodowHoldingRegisterConfig[152],0
ShodowHoldingRegisterConfig[153],0
ShodowHoldingRegisterConfig[154],0
ShodowHoldingRegisterConfig[155],0
ShodowHoldingRegisterConfig[156],0
ShodowHoldingRegisterConfig[157],0
ShodowHoldingRegisterConfig[158],0
ShodowHoldingRegisterConfig[159],0
ShodowHoldingRegisterConfig[160],0
ShodowHoldingRegisterConfig[161],0
ShodowHoldingRegisterConfig[162],0
ShodowHoldingRegisterConfig[163],0
ShodowHoldingRegisterConfig[164],0
ShodowHoldingRegisterConfig[165],0
ShodowHoldingRegisterConfig[166],0
ShodowHoldingRegisterConfig[167],0
ShodowHoldingRegisterConfig[168],0
ShodowHoldingRegisterConfig[169],0
ShodowHoldingRegisterConfig[170],0
ShodowHoldingRegisterConfig[171],0
ShodowHoldingRegisterConfig[172],0
ShodowHoldingRegisterConfig[173],0
ShodowHoldingRegisterConfig[174],0
ShodowHoldingRegisterConfig[175],0
ShodowHoldingRegisterConfig[176],0
ShodowHoldingRegisterConfig[177],0
ShodowHoldingRegisterConfig[178],0
ShodowHoldingRegisterConfig[179],0
ShodowHoldingRegisterConfig[180],0
ShodowHoldingRegisterConfig[181],0
ShodowHoldingRegisterConfig[182],0
ShodowHoldingRegisterConfig[183],0
ShodowHoldingRegisterConfig[184],0
ShodowHoldingRegisterConfig[185],0
ShodowHoldingRegisterConfig[186],0
ShodowHoldingRegisterConfig[187],0
ShodowHoldingRegisterConfig[188],0
ShodowHoldingRegisterConfig[189],0
ShodowHoldingRegisterConfig[190],0
ShodowHoldingRegisterConfig[191],0
ShodowHoldingRegisterConfig[192],0
ShodowHoldingRegisterConfig[193],0
ShodowHoldingRegisterConfig[194],0
ShodowHoldingRegisterConfig[195],0
ShodowHoldingRegisterConfig[196],0
ShodowHoldingRegisterConfig[197],0
ShodowHoldingRegisterConfig[198],0
ShodowHoldingRegisterConfig[199],0
ShodowHoldingRegisterConfig[200],0
ShodowHoldingRegisterConfig[201],0
ShodowHoldingRegisterConfig[202],0
ShodowHoldingRegisterConfig[203],0
ShodowHoldingRegisterConfig[204],0
ShodowHoldingRegisterConfig[205],0
ShodowHoldingRegisterConfig[206],0
ShodowHoldingRegisterConfig[207],0
ShodowHoldingRegisterConfig[208],0
ShodowHoldingRegisterConfig[209],0
ShodowHoldingRegisterConfig[210],0
ShodowHoldingRegisterConfig[211],0
ShodowHoldingRegisterConfig[212],0
ShodowHoldingRegisterConfig[213],0
ShodowHoldingRegisterConfig[214],0
ShodowHoldingRegisterConfig[215],0
ShodowHoldingRegisterConfig[216],0
ShodowHoldingRegisterConfig[217],0
ShodowHoldingRegisterConfig[218],0
ShodowHoldingRegisterConfig[219],0
ShodowHoldingRegisterConfig[220],0
ShodowHoldingRegisterConfig[221],0
ShodowHoldingRegisterConfig[222],0
ShodowHoldingRegisterConfig[223],0
ShodowHoldingRegisterConfig[224],0
ShodowHoldingRegisterConfig[225],0
ShodowHoldingRegisterConfig[226],0
ShodowHoldingRegisterConfig[227],0
ShodowHoldingRegisterConfig[228],0
ShodowHoldingRegisterConfig[229],0
ShodowHoldingRegisterConfig[230],0
ShodowHoldingRegisterConfig[231],0
ShodowHoldingRegisterConfig[232],0
ShodowHoldingRegisterConfig[233],0
ShodowHoldingRegisterConfig[234],0
ShodowHoldingRegisterConfig[235],0
ShodowHoldingRegisterConfig[236],0
ShodowHoldingRegisterConfig[237],0
ShodowHoldingRegisterConfig[238],0
ShodowHoldingRegisterConfig[239],0
ShodowHoldingRegisterConfig[240],0
ShodowHoldingRegisterConfig[241],0
ShodowHoldingRegisterConfig[242],0
ShodowHoldingRegisterConfig[243],0
ShodowHoldingRegisterConfig[244],0
ShodowHoldingRegisterConfig[245],0
ShodowHoldingRegisterConfig[246],0
ShodowHoldingRegisterConfig[247],0
ShodowHoldingRegisterConfig[248],0
ShodowHoldingRegisterConfig[249],0
ShodowHoldingRegisterConfig[250],0
ShodowHoldingRegisterConfig[251],0
ShodowHoldingRegisterConfig[252],0
ShodowHoldingRegisterConfig[253],0
ShodowHoldingRegisterConfig[254],0
ShodowHoldingRegisterConfig[255],0
ShodowHoldingRegisterConfig[256],0
ShodowHoldingRegisterConfig[257],0
ShodowHoldingRegisterConfig[258],0
ShodowHoldingRegisterConfig[259],0
ShodowHoldingRegisterConfig[260],0
ShodowHoldingRegisterConfig[261],0
ShodowHoldingRegisterConfig[262],0
ShodowHoldingRegisterConfig[263],0
ShodowHoldingRegisterConfig[264],0
ShodowHoldingRegisterConfig[265],0
ShodowHoldingRegisterConfig[266],0
ShodowHoldingRegisterConfig[267],0
ShodowHoldingRegisterConfig[268],0
ShodowHoldingRegisterConfig[269],0
ShodowHoldingRegisterConfig[270],0
ShodowHoldingRegisterConfig[271],0
ShodowHoldingRegisterConfig[272],0
ShodowHoldingRegisterConfig[273],0
ShodowHoldingRegisterConfig[274],0
ShodowHoldingRegisterConfig[275],0
ShodowHoldingRegisterConfig[276],0
ShodowHoldingRegisterConfig[277],0
ShodowHoldingRegisterConfig[278],0
ShodowHoldingRegisterConfig[279],0
ShodowHoldingRegisterConfig[280],0
ShodowHoldingRegisterConfig[281],0
ShodowHoldingRegisterConfig[282],0
ShodowHoldingRegisterConfig[283],0
ShodowHoldingRegisterConfig[284],0
ShodowHoldingRegisterConfig[285],0
ShodowHoldingRegisterConfig[286],0
ShodowHoldingRegisterConfig[287],0
ShodowHoldingRegisterConfig[288],0
ShodowHoldingRegisterConfig[289],0
ShodowHoldingRegisterConfig[290],0
ShodowHoldingRegisterConfig[291],0
ShodowHoldingRegisterConfig[292],0
ShodowHoldingRegisterConfig[293],0
ShodowHoldingRegisterConfig[294],0
ShodowHoldingRegisterConfig[295],0
ShodowHoldingRegisterConfig[296],0
ShodowHoldingRegisterConfig[297],0
ShodowHoldingRegisterConfig[298],0
ShodowHoldingRegisterConfig[299],0
ShodowHoldingRegisterConfig[300],0
ShodowHoldingRegisterConfig[301],0
ShodowHoldingRegisterConfig[302],0
ShodowHoldingRegisterConfig[303],0
ShodowHoldingRegisterConfig[304],0
ShodowHoldingRegisterConfig[305],0
ShodowHoldingRegisterConfig[306],0
ShodowHoldingRegisterConfig[307],0
ShodowHoldingRegisterConfig[308],0
ShodowHoldingRegisterConfig[309],0
ShodowHoldingRegisterConfig[310],0
ShodowHoldingRegisterConfig[311],0
ShodowHoldingRegisterConfig[312],0
ShodowHoldingRegisterConfig[313],0
ShodowHoldingRegisterConfig[314],0
ShodowHoldingRegisterConfig[315],0
ShodowHoldingRegisterConfig[316],0
ShodowHoldingRegisterConfig[317],0
ShodowHoldingRegisterConfig[318],0
ShodowHoldingRegisterConfig[319],0
ShodowHoldingRegisterConfig[320],0
ShodowHoldingRegisterConfig[321],0
ShodowHoldingRegisterConfig[322],0
ShodowHoldingRegisterConfig[323],0
ShodowHoldingRegisterConfig[324],0
ShodowHoldingRegisterConfig[325],0
ShodowHoldingRegisterConfig[326],0
ShodowHoldingRegisterConfig[327],0
ShodowHoldingRegisterConfig[328],0
ShodowHoldingRegisterConfig[329],0
ShodowHoldingRegisterConfig[330],0
ShodowHoldingRegisterConfig[331],0
ShodowHoldingRegisterConfig[332],0
ShodowHoldingRegisterConfig[333],0
ShodowHoldingRegisterConfig[334],0
ShodowHoldingRegisterConfig[335],0
ShodowHoldingRegisterConfig[336],0
ShodowHoldingRegisterConfig[337],0
ShodowHoldingRegisterConfig[338],0
ShodowHoldingRegisterConfig[339],0
ShodowHoldingRegisterConfig[340],0
ShodowHoldingRegisterConfig[341],0
ShodowHoldingRegisterConfig[342],0
ShodowHoldingRegisterConfig[343],0
ShodowHoldingRegisterConfig[344],0
ShodowHoldingRegisterConfig[345],0
ShodowHoldingRegisterConfig[346],0
ShodowHoldingRegisterConfig[347],0
ShodowHoldingRegisterConfig[348],0
ShodowHoldingRegisterConfig[349],0
ShodowHoldingRegisterConfig[350],0
ShodowHoldingRegisterConfig[351],0
ShodowHoldingRegisterConfig[352],0
ShodowHoldingRegisterConfig[353],0
ShodowHoldingRegisterConfig[354],0
ShodowHoldingRegisterConfig[355],0
ShodowHoldingRegisterConfig[356],0
ShodowHoldingRegisterConfig[357],0
ShodowHoldingRegisterConfig[358],0
ShodowHoldingRegisterConfig[359],0
ShodowHoldingRegisterConfig[360],0
ShodowHoldingRegisterConfig[361],0
ShodowHoldingRegisterConfig[362],0
ShodowHoldingRegisterConfig[363],0
ShodowHoldingRegisterConfig[364],0
ShodowHoldingRegisterConfig[365],0
ShodowHoldingRegisterConfig[366],0
ShodowHoldingRegisterConfig[367],0
ShodowHoldingRegisterConfig[368],0
ShodowHoldingRegisterConfig[369],0
ShodowHoldingRegisterConfig[370],0
ShodowHoldingRegisterConfig[371],0
ShodowHoldingRegisterConfig[372],0
ShodowHoldingRegisterConfig[373],0
ShodowHoldingRegisterConfig[374],0
ShodowHoldingRegisterConfig[375],0
ShodowHoldingRegisterConfig[376],0
ShodowHoldingRegisterConfig[377],0
ShodowHoldingRegisterConfig[378],0
ShodowHoldingRegisterConfig[379],0
ShodowHoldingRegisterConfig[380],0
ShodowHoldingRegisterConfig[381],0
ShodowHoldingRegisterConfig[382],0
ShodowHoldingRegisterConfig[383],0
ShodowHoldingRegisterConfig[384],0
ShodowHoldingRegisterConfig[385],0
ShodowHoldingRegisterConfig[386],0
ShodowHoldingRegisterConfig[387],0
ShodowHoldingRegisterConfig[388],0
ShodowHoldingRegisterConfig[389],0
ShodowHoldingRegisterConfig[390],0
ShodowHoldingRegisterConfig[391],0
ShodowHoldingRegisterConfig[392],0
ShodowHoldingRegisterConfig[393],0
ShodowHoldingRegisterConfig[394],0
ShodowHoldingRegisterConfig[395],0
ShodowHoldingRegisterConfig[396],0
ShodowHoldingRegisterConfig[397],0
ShodowHoldingRegisterConfig[398],0
ShodowHoldingRegisterConfig[399],0
ShodowHoldingRegisterConfig[400],0
ShodowHoldingRegisterConfig[401],0
ShodowHoldingRegisterConfig[402],0
ShodowHoldingRegisterConfig[403],0
ShodowHoldingRegisterConfig[404],0
ShodowHoldingRegisterConfig[405],0
ShodowHoldingRegisterConfig[406],0
ShodowHoldingRegisterConfig[407],0
ShodowHoldingRegisterConfig[408],0
ShodowHoldingRegisterConfig[409],0
ShodowHoldingRegisterConfig[410],0
ShodowHoldingRegisterConfig[411],0
ShodowHoldingRegisterConfig[412],0
ShodowHoldingRegisterConfig[413],0
ShodowHoldingRegisterConfig[414],0
ShodowHoldingRegisterConfig[415],0
ShodowHoldingRegisterConfig[416],0
ShodowHoldingRegisterConfig[417],0
ShodowHoldingRegisterConfig[418],0
ShodowHoldingRegisterConfig[419],0
ShodowHoldingRegisterConfig[420],0
ShodowHoldingRegisterConfig[421],0
ShodowHoldingRegisterConfig[422],0
ShodowHoldingRegisterConfig[423],0
ShodowHoldingRegisterConfig[424],0
ShodowHoldingRegisterConfig[425],0
ShodowHoldingRegisterConfig[426],0
ShodowHoldingRegisterConfig[427],0
ShodowHoldingRegisterConfig[428],0
ShodowHoldingRegisterConfig[429],0
ShodowHoldingRegisterConfig[430],0
ShodowHoldingRegisterConfig[431],0
ShodowHoldingRegisterConfig[432],0
ShodowHoldingRegisterConfig[433],0
ShodowHoldingRegisterConfig[434],0
ShodowHoldingRegisterConfig[435],0
ShodowHoldingRegisterConfig[436],0
ShodowHoldingRegisterConfig[437],0
ShodowHoldingRegisterConfig[438],0
ShodowHoldingRegisterConfig[439],0
ShodowHoldingRegisterConfig[440],0
ShodowHoldingRegisterConfig[441],0
ShodowHoldingRegisterConfig[442],0
ShodowHoldingRegisterConfig[443],0
ShodowHoldingRegisterConfig[444],0
ShodowHoldingRegisterConfig[445],0
ShodowHoldingRegisterConfig[446],0
ShodowHoldingRegisterConfig[447],0
ShodowHoldingRegisterConfig[448],0
ShodowHoldingRegisterConfig[449],0
ShodowHoldingRegisterConfig[450],0
ShodowHoldingRegisterConfig[451],0
ShodowHoldingRegisterConfig[452],0
ShodowHoldingRegisterConfig[453],0
ShodowHoldingRegisterConfig[454],0
ShodowHoldingRegisterConfig[455],0
ShodowHoldingRegisterConfig[456],0
ShodowHoldingRegisterConfig[457],0
ShodowHoldingRegisterConfig[458],0
ShodowHoldingRegisterConfig[459],0
ShodowHoldingRegisterConfig[460],0
ShodowHoldingRegisterConfig[461],0
ShodowHoldingRegisterConfig[462],0
ShodowHoldingRegisterConfig[463],0
ShodowHoldingRegisterConfig[464],0
ShodowHoldingRegisterConfig[465],0
ShodowHoldingRegisterConfig[466],0
ShodowHoldingRegisterConfig[467],0
ShodowHoldingRegisterConfig[468],0
ShodowHoldingRegisterConfig[469],0
ShodowHoldingRegisterConfig[470],0
ShodowHoldingRegisterConfig[471],0
ShodowHoldingRegisterConfig[472],0
ShodowHoldingRegisterConfig[473],0
ShodowHoldingRegisterConfig[474],0
ShodowHoldingRegisterConfig[475],0
ShodowHoldingRegisterConfig[476],0
ShodowHoldingRegisterConfig[477],0
ShodowHoldingRegisterConfig[478],0
ShodowHoldingRegisterConfig[479],0
ShodowHoldingRegisterConfig[480],0
ShodowHoldingRegisterConfig[481],0
ShodowHoldingRegisterConfig[482],0
ShodowHoldingRegisterConfig[483],0
ShodowHoldingRegisterConfig[484],0
ShodowHoldingRegisterConfig[485],0
ShodowHoldingRegisterConfig[486],0
ShodowHoldingRegisterConfig[487],0
ShodowHoldingRegisterConfig[488],0
ShodowHoldingRegisterConfig[489],0
ShodowHoldingRegisterConfig[490],0
ShodowHoldingRegisterConfig[491],0
ShodowHoldingRegisterConfig[492],0
ShodowHoldingRegisterConfig[493],0
ShodowHoldingRegisterConfig[494],0
ShodowHoldingRegisterConfig[495],0
ShodowHoldingRegisterConfig[496],0
ShodowHoldingRegisterConfig[497],0
ShodowHoldingRegisterConfig[498],0
ShodowHoldingRegisterConfig[499],0
ShodowHoldingRegisterConfig[500],0
ShodowHoldingRegisterConfig[501],0
ShodowHoldingRegisterConfig[502],0
ShodowHoldingRegisterConfig[503],0
ShodowHoldingRegisterConfig[504],0
ShodowHoldingRegisterConfig[505],0
ShodowHoldingRegisterConfig[506],0
ShodowHoldingRegisterConfig[507],0
ShodowHoldingRegisterConfig[508],0
ShodowHoldingRegisterConfig[509],0
ShodowHoldingRegisterConfig[510],0
ShodowHoldingRegisterConfig[511],0
ShodowHoldingRegisterConfig[512],0
ShodowHoldingRegisterConfig[513],0
ShodowHoldingRegisterConfig[514],0
ShodowHoldingRegisterConfig[515],0
ShodowHoldingRegisterConfig[516],0
ShodowHoldingRegisterConfig[517],0
ShodowHoldingRegisterConfig[518],0
ShodowHoldingRegisterConfig[519],0
ShodowHoldingRegisterConfig[520],0
ShodowHoldingRegisterConfig[521],0
ShodowHoldingRegisterConfig[522],0
ShodowHoldingRegisterConfig[523],0
ShodowHoldingRegisterConfig[524],0
ShodowHoldingRegisterConfig[525],0
ShodowHoldingRegisterConfig[526],0
ShodowHoldingRegisterConfig[527],0
ShodowHoldingRegisterConfig[528],0
ShodowHoldingRegisterConfig[529],0
ShodowHoldingRegisterConfig[530],0
ShodowHoldingRegisterConfig[531],0
ShodowHoldingRegisterConfig[532],0
ShodowHoldingRegisterConfig[533],0
ShodowHoldingRegisterConfig[534],0
ShodowHoldingRegisterConfig[535],0
ShodowHoldingRegisterConfig[536],0
ShodowHoldingRegisterConfig[537],0
ShodowHoldingRegisterConfig[538],0
ShodowHoldingRegisterConfig[539],0
ShodowHoldingRegisterConfig[540],0
ShodowHoldingRegisterConfig[541],0
ShodowHoldingRegisterConfig[542],0
ShodowHoldingRegisterConfig[543],0
ShodowHoldingRegisterConfig[544],0
ShodowHoldingRegisterConfig[545],0
ShodowHoldingRegisterConfig[546],0
ShodowHoldingRegisterConfig[547],0
ShodowHoldingRegisterConfig[548],0
ShodowHoldingRegisterConfig[549],0
ShodowHoldingRegisterConfig[550],0
ShodowHoldingRegisterConfig[551],0
ShodowHoldingRegisterConfig[552],0
ShodowHoldingRegisterConfig[553],0
ShodowHoldingRegisterConfig[554],0
ShodowHoldingRegisterConfig[555],0
ShodowHoldingRegisterConfig[556],0
ShodowHoldingRegisterConfig[557],0
ShodowHoldingRegisterConfig[558],0
ShodowHoldingRegisterConfig[559],0
ShodowHoldingRegisterConfig[560],0
ShodowHoldingRegisterConfig[561],0
ShodowHoldingRegisterConfig[562],0
ShodowHoldingRegisterConfig[563],0
ShodowHoldingRegisterConfig[564],0
ShodowHoldingRegisterConfig[565],0
ShodowHoldingRegisterConfig[566],0
ShodowHoldingRegisterConfig[567],0
ShodowHoldingRegisterConfig[568],0
ShodowHoldingRegisterConfig[569],0
ShodowHoldingRegisterConfig[570],0
ShodowHoldingRegisterConfig[571],0
ShodowHoldingRegisterConfig[572],0
ShodowHoldingRegisterConfig[573],0
ShodowHoldingRegisterConfig[574],0
ShodowHoldingRegisterConfig[575],0
ShodowHoldingRegisterConfig[576],0
ShodowHoldingRegisterConfig[577],0
ShodowHoldingRegisterConfig[578],0
ShodowHoldingRegisterConfig[579],0
ShodowHoldingRegisterConfig[580],0
ShodowHoldingRegisterConfig[581],0
ShodowHoldingRegisterConfig[582],0
ShodowHoldingRegisterConfig[583],0
ShodowHoldingRegisterConfig[584],0
ShodowHoldingRegisterConfig[585],0
ShodowHoldingRegisterConfig[586],0
ShodowHoldingRegisterConfig[587],0
ShodowHoldingRegisterConfig[588],0
ShodowHoldingRegisterConfig[589],0
ShodowHoldingRegisterConfig[590],0
ShodowHoldingRegisterConfig[591],0
ShodowHoldingRegisterConfig[592],0
ShodowHoldingRegisterConfig[593],0
ShodowHoldingRegisterConfig[594],0
ShodowHoldingRegisterConfig[595],0
ShodowHoldingRegisterConfig[596],0
ShodowHoldingRegisterConfig[597],0
ShodowHoldingRegisterConfig[598],0
ShodowHoldingRegisterConfig[599],0
ShodowHoldingRegisterConfig[600],0
ShodowHoldingRegisterConfig[601],0
ShodowHoldingRegisterConfig[602],0
ShodowHoldingRegisterConfig[603],0
ShodowHoldingRegisterConfig[604],0
ShodowHoldingRegisterConfig[605],0
ShodowHoldingRegisterConfig[606],0
ShodowHoldingRegisterConfig[607],0
ShodowHoldingRegisterConfig[608],0
ShodowHoldingRegisterConfig[609],0
ShodowHoldingRegisterConfig[610],0
ShodowHoldingRegisterConfig[611],0
ShodowHoldingRegisterConfig[612],0
ShodowHoldingRegisterConfig[613],0
ShodowHoldingRegisterConfig[614],0
ShodowHoldingRegisterConfig[615],0
ShodowHoldingRegisterConfig[616],0
ShodowHoldingRegisterConfig[617],0
ShodowHoldingRegisterConfig[618],0
ShodowHoldingRegisterConfig[619],0
ShodowHoldingRegisterConfig[620],0
ShodowHoldingRegisterConfig[621],0
ShodowHoldingRegisterConfig[622],0
ShodowHoldingRegisterConfig[623],0
ShodowHoldingRegisterConfig[624],0
ShodowHoldingRegisterConfig[625],0
ShodowHoldingRegisterConfig[626],0
ShodowHoldingRegisterConfig[627],0
ShodowHoldingRegisterConfig[628],0
ShodowHoldingRegisterConfig[629],0
ShodowHoldingRegisterConfig[630],0
ShodowHoldingRegisterConfig[631],0
ShodowHoldingRegisterConfig[632],0
ShodowHoldingRegisterConfig[633],0
ShodowHoldingRegisterConfig[634],0
ShodowHoldingRegisterConfig[635],0
ShodowHoldingRegisterConfig[636],0
ShodowHoldingRegisterConfig[637],0
ShodowHoldingRegisterConfig[638],0
ShodowHoldingRegisterConfig[639],0
ShodowHoldingRegisterConfig[640],0
ShodowHoldingRegisterConfig[641],0
ShodowHoldingRegisterConfig[642],0
ShodowHoldingRegisterConfig[643],0
ShodowHoldingRegisterConfig[644],0
ShodowHoldingRegisterConfig[645],0
ShodowHoldingRegisterConfig[646],0
ShodowHoldingRegisterConfig[647],0
ShodowHoldingRegisterConfig[648],0
ShodowHoldingRegisterConfig[649],0
ShodowHoldingRegisterConfig[650],0
ShodowHoldingRegisterConfig[651],0
ShodowHoldingRegisterConfig[652],0
ShodowHoldingRegisterConfig[653],0
ShodowHoldingRegisterConfig[654],0
ShodowHoldingRegisterConfig[655],0
ShodowHoldingRegisterConfig[656],0
ShodowHoldingRegisterConfig[657],0
ShodowHoldingRegisterConfig[658],0
ShodowHoldingRegisterConfig[659],0
ShodowHoldingRegisterConfig[660],0
ShodowHoldingRegisterConfig[661],0
ShodowHoldingRegisterConfig[662],0
ShodowHoldingRegisterConfig[663],0
ShodowHoldingRegisterConfig[664],0
ShodowHoldingRegisterConfig[665],0
ShodowHoldingRegisterConfig[666],0
ShodowHoldingRegisterConfig[667],0
ShodowHoldingRegisterConfig[668],0
ShodowHoldingRegisterConfig[669],0
ShodowHoldingRegisterConfig[670],0
ShodowHoldingRegisterConfig[671],0
ShodowHoldingRegisterConfig[672],0
ShodowHoldingRegisterConfig[673],0
ShodowHoldingRegisterConfig[674],0
ShodowHoldingRegisterConfig[675],0
ShodowHoldingRegisterConfig[676],0
ShodowHoldingRegisterConfig[677],0
ShodowHoldingRegisterConfig[678],0
ShodowHoldingRegisterConfig[679],0
ShodowHoldingRegisterConfig[680],0
ShodowHoldingRegisterConfig[681],0
ShodowHoldingRegisterConfig[682],0
ShodowHoldingRegisterConfig[683],0
ShodowHoldingRegisterConfig[684],0
ShodowHoldingRegisterConfig[685],0
ShodowHoldingRegisterConfig[686],0
ShodowHoldingRegisterConfig[687],0
ShodowHoldingRegisterConfig[688],0
ShodowHoldingRegisterConfig[689],0
ShodowHoldingRegisterConfig[690],0
ShodowHoldingRegisterConfig[691],0
ShodowHoldingRegisterConfig[692],0
ShodowHoldingRegisterConfig[693],0
ShodowHoldingRegisterConfig[694],0
ShodowHoldingRegisterConfig[695],0
ShodowHoldingRegisterConfig[696],0
ShodowHoldingRegisterConfig[697],0
ShodowHoldingRegisterConfig[698],0
ShodowHoldingRegisterConfig[699],0
ShodowHoldingRegisterConfig[700],0
ShodowHoldingRegisterConfig[701],0
ShodowHoldingRegisterConfig[702],0
ShodowHoldingRegisterConfig[703],0
ShodowHoldingRegisterConfig[704],0
ShodowHoldingRegisterConfig[705],0
ShodowHoldingRegisterConfig[706],0
ShodowHoldingRegisterConfig[707],0
ShodowHoldingRegisterConfig[708],0
ShodowHoldingRegisterConfig[709],0
ShodowHoldingRegisterConfig[710],0
ShodowHoldingRegisterConfig[711],0
ShodowHoldingRegisterConfig[712],0
ShodowHoldingRegisterConfig[713],0
ShodowHoldingRegisterConfig[714],0
ShodowHoldingRegisterConfig[715],0
ShodowHoldingRegisterConfig[716],0
ShodowHoldingRegisterConfig[717],0
ShodowHoldingRegisterConfig[718],0
ShodowHoldingRegisterConfig[719],0
ShodowHoldingRegisterConfig[720],0
ShodowHoldingRegisterConfig[721],0
ShodowHoldingRegisterConfig[722],0
ShodowHoldingRegisterConfig[723],0
ShodowHoldingRegisterConfig[724],0
ShodowHoldingRegisterConfig[725],0
ShodowHoldingRegisterConfig[726],0
ShodowHoldingRegisterConfig[727],0
ShodowHoldingRegisterConfig[728],0
ShodowHoldingRegisterConfig[729],0
ShodowHoldingRegisterConfig[730],0
ShodowHoldingRegisterConfig[731],0
ShodowHoldingRegisterConfig[732],0
ShodowHoldingRegisterConfig[733],0
ShodowHoldingRegisterConfig[734],0
ShodowHoldingRegisterConfig[735],0
ShodowHoldingRegisterConfig[736],0
ShodowHoldingRegisterConfig[737],0
ShodowHoldingRegisterConfig[738],0
ShodowHoldingRegisterConfig[739],0
ShodowHoldingRegisterConfig[740],0
ShodowHoldingRegisterConfig[741],0
ShodowHoldingRegisterConfig[742],0
ShodowHoldingRegisterConfig[743],0
ShodowHoldingRegisterConfig[744],0
ShodowHoldingRegisterConfig[745],0
ShodowHoldingRegisterConfig[746],0
ShodowHoldingRegisterConfig[747],0
ShodowHoldingRegisterConfig[748],0
ShodowHoldingRegisterConfig[749],0
ShodowHoldingRegisterConfig[750],0
ShodowHoldingRegisterConfig[751],0
ShodowHoldingRegisterConfig[752],0
ShodowHoldingRegisterConfig[753],0
ShodowHoldingRegisterConfig[754],0
ShodowHoldingRegisterConfig[755],0
ShodowHoldingRegisterConfig[756],0
ShodowHoldingRegisterConfig[757],0
ShodowHoldingRegisterConfig[758],0
ShodowHoldingRegisterConfig[759],0
ShodowHoldingRegisterConfig[760],0
ShodowHoldingRegisterConfig[761],0
ShodowHoldingRegisterConfig[762],0
ShodowHoldingRegisterConfig[763],0
ShodowHoldingRegisterConfig[764],0
ShodowHoldingRegisterConfig[765],0
ShodowHoldingRegisterConfig[766],0
ShodowHoldingRegisterConfig[767],0
ShodowHoldingRegisterConfig[768],0
ShodowHoldingRegisterConfig[769],0
ShodowHoldingRegisterConfig[770],0
ShodowHoldingRegisterConfig[771],0
ShodowHoldingRegisterConfig[772],0
ShodowHoldingRegisterConfig[773],0
ShodowHoldingRegisterConfig[774],0
ShodowHoldingRegisterConfig[775],0
ShodowHoldingRegisterConfig[776],0
ShodowHoldingRegisterConfig[777],0
ShodowHoldingRegisterConfig[778],0
ShodowHoldingRegisterConfig[779],0
ShodowHoldingRegisterConfig[780],0
ShodowHoldingRegisterConfig[781],0
ShodowHoldingRegisterConfig[782],0
ShodowHoldingRegisterConfig[783],0
ShodowHoldingRegisterConfig[784],0
ShodowHoldingRegisterConfig[785],0
ShodowHoldingRegisterConfig[786],0
ShodowHoldingRegisterConfig[787],0
ShodowHoldingRegisterConfig[788],0
ShodowHoldingRegisterConfig[789],0
ShodowHoldingRegisterConfig[790],0
ShodowHoldingRegisterConfig[791],0
ShodowHoldingRegisterConfig[792],0
ShodowHoldingRegisterConfig[793],0
ShodowHoldingRegisterConfig[794],0
ShodowHoldingRegisterConfig[795],0
ShodowHoldingRegisterConfig[796],0
ShodowHoldingRegisterConfig[797],0
ShodowHoldingRegisterConfig[798],0
ShodowHoldingRegisterConfig[799],0
ShodowHoldingRegisterConfig[800],0
ShodowHoldingRegisterConfig[801],0
ShodowHoldingRegisterConfig[802],0
ShodowHoldingRegisterConfig[803],0
ShodowHoldingRegisterConfig[804],0
ShodowHoldingRegisterConfig[805],0
ShodowHoldingRegisterConfig[806],0
ShodowHoldingRegisterConfig[807],0
ShodowHoldingRegisterConfig[808],0
ShodowHoldingRegisterConfig[809],0
ShodowHoldingRegisterConfig[810],0
ShodowHoldingRegisterConfig[811],0
ShodowHoldingRegisterConfig[812],0
ShodowHoldingRegisterConfig[813],0
ShodowHoldingRegisterConfig[814],0
ShodowHoldingRegisterConfig[815],0
ShodowHoldingRegisterConfig[816],0
ShodowHoldingRegisterConfig[817],0
ShodowHoldingRegisterConfig[818],0
ShodowHoldingRegisterConfig[819],0
ShodowHoldingRegisterConfig[820],0
ShodowHoldingRegisterConfig[821],0
ShodowHoldingRegisterConfig[822],0
ShodowHoldingRegisterConfig[823],0
ShodowHoldingRegisterConfig[824],0
ShodowHoldingRegisterConfig[825],0
ShodowHoldingRegisterConfig[826],0
ShodowHoldingRegisterConfig[827],0
ShodowHoldingRegisterConfig[828],0
ShodowHoldingRegisterConfig[829],0
ShodowHoldingRegisterConfig[830],0
ShodowHoldingRegisterConfig[831],0
ShodowHoldingRegisterConfig[832],0
ShodowHoldingRegisterConfig[833],0
ShodowHoldingRegisterConfig[834],0
ShodowHoldingRegisterConfig[835],0
ShodowHoldingRegisterConfig[836],0
ShodowHoldingRegisterConfig[837],0
ShodowHoldingRegisterConfig[838],0
ShodowHoldingRegisterConfig[839],0
ShodowHoldingRegisterConfig[840],0
ShodowHoldingRegisterConfig[841],0
ShodowHoldingRegisterConfig[842],0
ShodowHoldingRegisterConfig[843],0
ShodowHoldingRegisterConfig[844],0
ShodowHoldingRegisterConfig[845],0
ShodowHoldingRegisterConfig[846],0
ShodowHoldingRegisterConfig[847],0
ShodowHoldingRegisterConfig[848],0
ShodowHoldingRegisterConfig[849],0
ShodowHoldingRegisterConfig[850],0
ShodowHoldingRegisterConfig[851],0
ShodowHoldingRegisterConfig[852],0
ShodowHoldingRegisterConfig[853],0
ShodowHoldingRegisterConfig[854],0
ShodowHoldingRegisterConfig[855],0
ShodowHoldingRegisterConfig[856],0
ShodowHoldingRegisterConfig[857],0
ShodowHoldingRegisterConfig[858],0
ShodowHoldingRegisterConfig[859],0
ShodowHoldingRegisterConfig[860],0
ShodowHoldingRegisterConfig[861],0
ShodowHoldingRegisterConfig[862],0
ShodowHoldingRegisterConfig[863],0
ShodowHoldingRegisterConfig[864],0
ShodowHoldingRegisterConfig[865],0
ShodowHoldingRegisterConfig[866],0
ShodowHoldingRegisterConfig[867],0
ShodowHoldingRegisterConfig[868],0
ShodowHoldingRegisterConfig[869],0
ShodowHoldingRegisterConfig[870],0
ShodowHoldingRegisterConfig[871],0
ShodowHoldingRegisterConfig[872],0
ShodowHoldingRegisterConfig[873],0
ShodowHoldingRegisterConfig[874],0
ShodowHoldingRegisterConfig[875],0
ShodowHoldingRegisterConfig[876],0
ShodowHoldingRegisterConfig[877],0
ShodowHoldingRegisterConfig[878],0
ShodowHoldingRegisterConfig[879],0
ShodowHoldingRegisterConfig[880],0
ShodowHoldingRegisterConfig[881],0
ShodowHoldingRegisterConfig[882],0
ShodowHoldingRegisterConfig[883],0
ShodowHoldingRegisterConfig[884],0
ShodowHoldingRegisterConfig[885],0
ShodowHoldingRegisterConfig[886],0
ShodowHoldingRegisterConfig[887],0
ShodowHoldingRegisterConfig[888],0
ShodowHoldingRegisterConfig[889],0
ShodowHoldingRegisterConfig[890],0
ShodowHoldingRegisterConfig[891],0
ShodowHoldingRegisterConfig[892],0
ShodowHoldingRegisterConfig[893],0
ShodowHoldingRegisterConfig[894],0
ShodowHoldingRegisterConfig[895],0
ShodowHoldingRegisterConfig[896],0
ShodowHoldingRegisterConfig[897],0
ShodowHoldingRegisterConfig[898],0
ShodowHoldingRegisterConfig[899],0
ShodowHoldingRegisterConfig[900],0
ShodowHoldingRegisterConfig[901],0
ShodowHoldingRegisterConfig[902],0
ShodowHoldingRegisterConfig[903],0
ShodowHoldingRegisterConfig[904],0
ShodowHoldingRegisterConfig[905],0
ShodowHoldingRegisterConfig[906],0
ShodowHoldingRegisterConfig[907],0
ShodowHoldingRegisterConfig[908],0
ShodowHoldingRegisterConfig[909],0
ShodowHoldingRegisterConfig[910],0
ShodowHoldingRegisterConfig[911],0
ShodowHoldingRegisterConfig[912],0
ShodowHoldingRegisterConfig[913],0
ShodowHoldingRegisterConfig[914],0
ShodowHoldingRegisterConfig[915],0
ShodowHoldingRegisterConfig[916],0
ShodowHoldingRegisterConfig[917],0
ShodowHoldingRegisterConfig[918],0
ShodowHoldingRegisterConfig[919],0
ShodowHoldingRegisterConfig[920],0
ShodowHoldingRegisterConfig[921],0
ShodowHoldingRegisterConfig[922],0
ShodowHoldingRegisterConfig[923],0
ShodowHoldingRegisterConfig[924],0
ShodowHoldingRegisterConfig[925],0
ShodowHoldingRegisterConfig[926],0
ShodowHoldingRegisterConfig[927],0
ShodowHoldingRegisterConfig[928],0
ShodowHoldingRegisterConfig[929],0
ShodowHoldingRegisterConfig[930],0
ShodowHoldingRegisterConfig[931],0
ShodowHoldingRegisterConfig[932],0
ShodowHoldingRegisterConfig[933],0
ShodowHoldingRegisterConfig[934],0
ShodowHoldingRegisterConfig[935],0
ShodowHoldingRegisterConfig[936],0
ShodowHoldingRegisterConfig[937],0
ShodowHoldingRegisterConfig[938],0
ShodowHoldingRegisterConfig[939],0
ShodowHoldingRegisterConfig[940],0
ShodowHoldingRegisterConfig[941],0
ShodowHoldingRegisterConfig[942],0
ShodowHoldingRegisterConfig[943],0
ShodowHoldingRegisterConfig[944],0
ShodowHoldingRegisterConfig[945],0
ShodowHoldingRegisterConfig[946],0
ShodowHoldingRegisterConfig[947],0
ShodowHoldingRegisterConfig[948],0
ShodowHoldingRegisterConfig[949],0
ShodowHoldingRegisterConfig[950],0
ShodowHoldingRegisterConfig[951],0
ShodowHoldingRegisterConfig[952],0
ShodowHoldingRegisterConfig[953],0
ShodowHoldingRegisterConfig[954],0
ShodowHoldingRegisterConfig[955],0
ShodowHoldingRegisterConfig[956],0
ShodowHoldingRegisterConfig[957],0
ShodowHoldingRegisterConfig[958],0
ShodowHoldingRegisterConfig[959],0
ShodowHoldingRegisterConfig[960],0
ShodowHoldingRegisterConfig[961],0
ShodowHoldingRegisterConfig[962],0
ShodowHoldingRegisterConfig[963],0
ShodowHoldingRegisterConfig[964],0
ShodowHoldingRegisterConfig[965],0
ShodowHoldingRegisterConfig[966],0
ShodowHoldingRegisterConfig[967],0
ShodowHoldingRegisterConfig[968],0
ShodowHoldingRegisterConfig[969],0
ShodowHoldingRegisterConfig[970],0
ShodowHoldingRegisterConfig[971],0
ShodowHoldingRegisterConfig[972],0
ShodowHoldingRegisterConfig[973],0
ShodowHoldingRegisterConfig[974],0
ShodowHoldingRegisterConfig[975],0
ShodowHoldingRegisterConfig[976],0
ShodowHoldingRegisterConfig[977],0
ShodowHoldingRegisterConfig[978],0
ShodowHoldingRegisterConfig[979],0
ShodowHoldingRegisterConfig[980],0
ShodowHoldingRegisterConfig[981],0
ShodowHoldingRegisterConfig[982],0
ShodowHoldingRegisterConfig[983],0
ShodowHoldingRegisterConfig[984],0
ShodowHoldingRegisterConfig[985],0
ShodowHoldingRegisterConfig[986],0
ShodowHoldingRegisterConfig[987],0
ShodowHoldingRegisterConfig[988],0
ShodowHoldingRegisterConfig[989],0
ShodowHoldingRegisterConfig[990],0
ShodowHoldingRegisterConfig[991],0
ShodowHoldingRegisterConfig[992],0
ShodowHoldingRegisterConfig[993],0
ShodowHoldingRegisterConfig[994],0
ShodowHoldingRegisterConfig[995],0
ShodowHoldingRegisterConfig[996],0
ShodowHoldingRegisterConfig[997],0
ShodowHoldingRegisterConfig[998],0
ShodowHoldingRegisterConfig[999],0
SlaveId,0
IdentifyStatus,0
DownStreamBaudrate,0
UpStreamDelayBetweenFrameUs,0
StreamerEnable,0
StreamerExtendedHeaderEnable,0
StreamerInternalClockIntervalMs,0
StreamerPrescaler,0
StreamerParameterIds[0],0
StreamerParameterIds[1],0
StreamerParameterIds[2],0
StreamerParameterIds[3],0
StreamerParameterIds[4],0
StreamerParameterIds[5],0
StreamerParameterIds[6],0
StreamerParameterIds[7],0
StreamerParameterIds[8],0
StreamerParameterIds[9],0
StreamerParameterIds[10],0
StreamerParameterIds[11],0
StreamerParameterIds[12],0
StreamerParameterIds[13],0
StreamerParameterIds[14],0
StreamerParameterIds[15],0
StreamerParameterIds[16],0
StreamerParameterIds[17],0
StreamerParameterIds[18],0
StreamerParameterIds[19],0
StreamerParameterIds[20],0
StreamerParameterIds[21],0
StreamerParameterIds[22],0
StreamerParameterIds[23],0
StreamerParameterIds[24],0
StreamerParameterIds[25],0
StreamerParameterIds[26],0
StreamerParameterIds[27],0
StreamerParameterIds[28],0
StreamerParameterIds[29],0
StreamerParameterIds[30],0
StreamerParameterIds[31],0
StreamerParameterIds[32],0
StreamerParameterIds[33],0
StreamerParameterIds[34],0
StreamerParameterIds[35],0
StreamerParameterIds[36],0
StreamerParameterIds[37],0
StreamerParameterIds[38],0
StreamerParameterIds[39],0
StreamerParameterIds[40],0
StreamerParameterIds[41],0
StreamerParameterIds[42],0
StreamerParameterIds[43],0
StreamerParameterIds[44],0
StreamerParameterIds[45],0
StreamerParameterIds[46],0
StreamerParameterIds[47],0
StreamerParameterIds[48],0
StreamerParameterIds[49],0
StreamerParameterIds[50],0
StreamerParameterIds[51],0
StreamerParameterIds[52],0
StreamerParameterIds[53],0
StreamerParameterIds[54],0
StreamerParameterIds[55],0
StreamerParameterIds[56],0
StreamerParameterIds[57],0
StreamerParameterIds[58],0
StreamerParameterIds[59],0
StreamerParameterIds[60],0
StreamerParameterIds[61],0
StreamerParameterIds[62],0
StreamerParameterIds[63],0
StreamerParameterIds[64],0
StreamerParameterIds[65],0
StreamerParameterIds[66],0
StreamerParameterIds[67],0
StreamerParameterIds[68],0
StreamerParameterIds[69],0
StreamerParameterIds[70],0
StreamerParameterIds[71],0
StreamerParameterIds[72],0
StreamerParameterIds[73],0
StreamerParameterIds[74],0
StreamerParameterIds[75],0
StreamerParameterIds[76],0
StreamerParameterIds[77],0
StreamerParameterIds[78],0
StreamerParameterIds[79],0
StreamerParameterIds[80],0
StreamerParameterIds[81],0
StreamerParameterIds[82],0
StreamerParameterIds[83],0
StreamerParameterIds[84],0
StreamerParameterIds[85],0
StreamerParameterIds[86],0
StreamerParameterIds[87],0
StreamerParameterIds[88],0
StreamerParameterIds[89],0
StreamerParameterIds[90],0
StreamerParameterIds[91],0
StreamerParameterIds[92],0
StreamerParameterIds[93],0
StreamerParameterIds[94],0
StreamerParameterIds[95],0
StreamerParameterIds[96],0
StreamerParameterIds[97],0
StreamerParameterIds[98],0
StreamerParameterIds[99],0
StreamerParameterIds[100],0
StreamerParameterIds[101],0
StreamerParameterIds[102],0
StreamerParameterIds[103],0
StreamerParameterIds[104],0
StreamerParameterIds[105],0
StreamerParameterIds[106],0
StreamerParameterIds[107],0
StreamerParameterIds[108],0
StreamerParameterIds[109],0
StreamerParameterIds[110],0
StreamerParameterIds[111],0
StreamerParameterIds[112],0
StreamerParameterIds[113],0
StreamerParameterIds[114],0
StreamerParameterIds[115],0
StreamerParameterIds[116],0
StreamerParameterIds[117],0
StreamerParameterIds[118],0
StreamerParameterIds[119],0
StreamerParameterIds[120],0
StreamerParameterIds[121],0
StreamerParameterIds[122],0
StreamerParameterIds[123],0
StreamerParameterIds[124],0
StreamerParameterIds[125],0
StreamerParameterIds[126],0
StreamerParameterIds[127],0
StreamerParameterIds[128],0
StreamerParameterIds[129],0
StreamerParameterIds[130],0
StreamerParameterIds[131],0
StreamerParameterIds[132],0
StreamerParameterIds[133],0
StreamerParameterIds[134],0
StreamerParameterIds[135],0
StreamerParameterIds[136],0
StreamerParameterIds[137],0
StreamerParameterIds[138],0
StreamerParameterIds[139],0
StreamerParameterIds[140],0
StreamerParameterIds[141],0
StreamerParameterIds[142],0
StreamerParameterIds[143],0
StreamerParameterIds[144],0
StreamerParameterIds[145],0
StreamerParameterIds[146],0
StreamerParameterIds[147],0
StreamerParameterIds[148],0
StreamerParameterIds[149],0
StreamerParameterIds[150],0
StreamerParameterIds[151],0
StreamerParameterIds[152],0
StreamerParameterIds[153],0
StreamerParameterIds[154],0
StreamerParameterIds[155],0
StreamerParameterIds[156],0
StreamerParameterIds[157],0
StreamerParameterIds[158],0
StreamerParameterIds[159],0
StreamerParameterIds[160],0
StreamerParameterIds[161],0
StreamerParameterIds[162],0
StreamerParameterIds[163],0
StreamerParameterIds[164],0
StreamerParameterIds[165],0
StreamerParameterIds[166],0
StreamerParameterIds[167],0
StreamerParameterIds[168],0
StreamerParameterIds[169],0
StreamerParameterIds[170],0
StreamerParameterIds[171],0
StreamerParameterIds[172],0
StreamerParameterIds[173],0
StreamerParameterIds[174],0
StreamerParameterIds[175],0
StreamerParameterIds[176],0
StreamerParameterIds[177],0
StreamerParameterIds[178],0
StreamerParameterIds[179],0
StreamerParameterIds[180],0
StreamerParameterIds[181],0
StreamerParameterIds[182],0
StreamerParameterIds[183],0
StreamerParameterIds[184],0
StreamerParameterIds[185],0
StreamerParameterIds[186],0
StreamerParameterIds[187],0
StreamerParameterIds[188],0
StreamerParameterIds[189],0
StreamerParameterIds[190],0
StreamerParameterIds[191],0
StreamerParameterIds[192],0
StreamerParameterIds[193],0
StreamerParameterIds[194],0
StreamerParameterIds[195],0
StreamerParameterIds[196],0
StreamerParameterIds[197],0
StreamerParameterIds[198],0
StreamerParameterIds[199],0
BoardStartupDelayMs,0
BoardStartupRetryQty,0
BoardStartupRetryDelayMs,0
ExternalImu_Setting.ExternalImuNominalFreqHz,0.0
ExternalImu_Setting.ExternalImuFreqMaxAllowedJitterHz,0.0
MainLoopProfilerSetting.IntervalTimeNominalUs,0
MainLoopProfilerSetting.IntervalTimeMaxAllowedJitterUs,0
DbgControlSignalsF64[0],40.0
DbgControlSignalsF64[1],0.0
DbgControlSignalsF64[2],0.0
DbgControlSignalsF64[3],0.0
DbgControlSignalsF64[4],0.0
DbgControlSignalsF64[5],0.0
DbgControlSignalsF64[6],0.0
DbgControlSignalsF64[7],0.0
DbgControlSignalsF64[8],0.0
DbgControlSignalsF64[9],0.0
DbgControlSignalsF64[10],0.0
DbgControlSignalsF64[11],0.0
DbgControlSignalsF64[12],0.0
DbgControlSignalsF64[13],0.0
DbgControlSignalsF64[14],0.0
DbgControlSignalsF64[15],0.0
DbgControlSignalsF64[16],0.0
DbgControlSignalsF64[17],0.0
DbgControlSignalsF64[18],0.0
DbgControlSignalsF64[19],0.0
DbgControlSignalsF64[20],0.0
DbgControlSignalsF64[21],0.0
DbgControlSignalsF64[22],0.0
DbgControlSignalsF64[23],0.0
DbgControlSignalsF64[24],0.0
DbgControlSignalsF64[25],0.0
DbgControlSignalsF64[26],0.0
DbgControlSignalsF64[27],0.0
DbgControlSignalsF64[28],0.0
DbgControlSignalsF64[29],0.0
DbgControlSignalsF64[30],0.0
DbgControlSignalsF64[31],0.0
DbgControlSignalsF64[32],0.0
DbgControlSignalsF64[33],0.0
DbgControlSignalsF64[34],0.0
DbgControlSignalsF64[35],0.0
DbgControlSignalsF64[36],0.0
DbgControlSignalsF64[37],0.0
DbgControlSignalsF64[38],0.0
DbgControlSignalsF64[39],0.0
DbgControlSignalsF64[40],0.0
DbgControlSignalsF64[41],0.0
DbgControlSignalsF64[42],0.0
DbgControlSignalsF64[43],0.0
DbgControlSignalsF64[44],0.0
DbgControlSignalsF64[45],0.0
DbgControlSignalsF64[46],0.0
DbgControlSignalsF64[47],0.0
DbgControlSignalsF64[48],0.0
DbgControlSignalsF64[49],0.0
DbgControlSignalsF32[0],0.0
DbgControlSignalsF32[1],0.0
DbgControlSignalsF32[2],0.0
DbgControlSignalsF32[3],0.0
DbgControlSignalsF32[4],0.0
DbgControlSignalsF32[5],0.0
DbgControlSignalsF32[6],0.0
DbgControlSignalsF32[7],0.0
DbgControlSignalsF32[8],0.0
DbgControlSignalsF32[9],0.0
DbgControlSignalsF32[10],0.0
DbgControlSignalsF32[11],0.0
DbgControlSignalsF32[12],0.0
DbgControlSignalsF32[13],0.0
DbgControlSignalsF32[14],0.0
DbgControlSignalsF32[15],0.0
DbgControlSignalsF32[16],0.0
DbgControlSignalsF32[17],0.0
DbgControlSignalsF32[18],0.0
DbgControlSignalsF32[19],0.0
DbgControlSignalsF32[20],0.0
DbgControlSignalsF32[21],0.0
DbgControlSignalsF32[22],0.0
DbgControlSignalsF32[23],0.0
DbgControlSignalsF32[24],0.0
DbgControlSignalsF32[25],0.0
DbgControlSignalsF32[26],0.0
DbgControlSignalsF32[27],0.0
DbgControlSignalsF32[28],0.0
DbgControlSignalsF32[29],0.0
DbgControlSignalsF32[30],0.0
DbgControlSignalsF32[31],0.0
DbgControlSignalsF32[32],0.0
DbgControlSignalsF32[33],0.0
DbgControlSignalsF32[34],0.0
DbgControlSignalsF32[35],0.0
DbgControlSignalsF32[36],0.0
DbgControlSignalsF32[37],0.0
DbgControlSignalsF32[38],0.0
DbgControlSignalsF32[39],0.0
DbgControlSignalsF32[40],0.0
DbgControlSignalsF32[41],0.0
DbgControlSignalsF32[42],0.0
DbgControlSignalsF32[43],0.0
DbgControlSignalsF32[44],0.0
DbgControlSignalsF32[45],0.0
DbgControlSignalsF32[46],0.0
DbgControlSignalsF32[47],0.0
DbgControlSignalsF32[48],0.0
DbgControlSignalsF32[49],0.0
DbgControlSignalsU32[0],0
DbgControlSignalsU32[1],0
DbgControlSignalsU32[2],0
DbgControlSignalsU32[3],0
DbgControlSignalsU32[4],0
DbgControlSignalsU32[5],0
DbgControlSignalsU32[6],0
DbgControlSignalsU32[7],0
DbgControlSignalsU32[8],0
DbgControlSignalsU32[9],0
DbgControlSignalsU32[10],0
DbgControlSignalsU32[11],0
DbgControlSignalsU32[12],0
DbgControlSignalsU32[13],0
DbgControlSignalsU32[14],0
DbgControlSignalsU32[15],0
DbgControlSignalsU32[16],0
DbgControlSignalsU32[17],0
DbgControlSignalsU32[18],0
DbgControlSignalsU32[19],0
DbgControlSignalsU32[20],0
DbgControlSignalsU32[21],0
DbgControlSignalsU32[22],0
DbgControlSignalsU32[23],0
DbgControlSignalsU32[24],0
DbgControlSignalsU32[25],0
DbgControlSignalsU32[26],0
DbgControlSignalsU32[27],0
DbgControlSignalsU32[28],0
DbgControlSignalsU32[29],0
DbgControlSignalsU32[30],0
DbgControlSignalsU32[31],0
DbgControlSignalsU32[32],0
DbgControlSignalsU32[33],0
DbgControlSignalsU32[34],0
DbgControlSignalsU32[35],0
DbgControlSignalsU32[36],0
DbgControlSignalsU32[37],0
DbgControlSignalsU32[38],0
DbgControlSignalsU32[39],0
DbgControlSignalsU32[40],0
DbgControlSignalsU32[41],0
DbgControlSignalsU32[42],0
DbgControlSignalsU32[43],0
DbgControlSignalsU32[44],0
DbgControlSignalsU32[45],0
DbgControlSignalsU32[46],0
DbgControlSignalsU32[47],0
DbgControlSignalsU32[48],0
DbgControlSignalsU32[49],0
DbgControlSignalsI32[0],0
DbgControlSignalsI32[1],0
DbgControlSignalsI32[2],0
DbgControlSignalsI32[3],0
DbgControlSignalsI32[4],0
DbgControlSignalsI32[5],0
DbgControlSignalsI32[6],0
DbgControlSignalsI32[7],0
DbgControlSignalsI32[8],0
DbgControlSignalsI32[9],0
DbgControlSignalsI32[10],0
DbgControlSignalsI32[11],0
DbgControlSignalsI32[12],0
DbgControlSignalsI32[13],0
DbgControlSignalsI32[14],0
DbgControlSignalsI32[15],0
DbgControlSignalsI32[16],0
DbgControlSignalsI32[17],0
DbgControlSignalsI32[18],0
DbgControlSignalsI32[19],0
DbgControlSignalsI32[20],0
DbgControlSignalsI32[21],0
DbgControlSignalsI32[22],0
DbgControlSignalsI32[23],0
DbgControlSignalsI32[24],0
DbgControlSignalsI32[25],0
DbgControlSignalsI32[26],0
DbgControlSignalsI32[27],0
DbgControlSignalsI32[28],0
DbgControlSignalsI32[29],0
DbgControlSignalsI32[30],0
DbgControlSignalsI32[31],0
DbgControlSignalsI32[32],0
DbgControlSignalsI32[33],0
DbgControlSignalsI32[34],0
DbgControlSignalsI32[35],0
DbgControlSignalsI32[36],0
DbgControlSignalsI32[37],0
DbgControlSignalsI32[38],0
DbgControlSignalsI32[39],0
DbgControlSignalsI32[40],0
DbgControlSignalsI32[41],0
DbgControlSignalsI32[42],0
DbgControlSignalsI32[43],0
DbgControlSignalsI32[44],0
DbgControlSignalsI32[45],0
DbgControlSignalsI32[46],0
DbgControlSignalsI32[47],0
DbgControlSignalsI32[48],0
DbgControlSignalsI32[49],0
DbgControlSignalsU16[0],0
DbgControlSignalsU16[1],0
DbgControlSignalsU16[2],0
DbgControlSignalsU16[3],0
DbgControlSignalsU16[4],0
DbgControlSignalsU16[5],0
DbgControlSignalsU16[6],0
DbgControlSignalsU16[7],0
DbgControlSignalsU16[8],0
DbgControlSignalsU16[9],0
DbgControlSignalsU16[10],0
DbgControlSignalsU16[11],0
DbgControlSignalsU16[12],0
DbgControlSignalsU16[13],0
DbgControlSignalsU16[14],0
DbgControlSignalsU16[15],0
DbgControlSignalsU16[16],0
DbgControlSignalsU16[17],0
DbgControlSignalsU16[18],0
DbgControlSignalsU16[19],0
DbgControlSignalsU16[20],0
DbgControlSignalsU16[21],0
DbgControlSignalsU16[22],0
DbgControlSignalsU16[23],0
DbgControlSignalsU16[24],0
DbgControlSignalsU16[25],0
DbgControlSignalsU16[26],0
DbgControlSignalsU16[27],0
DbgControlSignalsU16[28],0
DbgControlSignalsU16[29],0
DbgControlSignalsU16[30],0
DbgControlSignalsU16[31],0
DbgControlSignalsU16[32],0
DbgControlSignalsU16[33],0
DbgControlSignalsU16[34],0
DbgControlSignalsU16[35],0
DbgControlSignalsU16[36],0
DbgControlSignalsU16[37],0
DbgControlSignalsU16[38],0
DbgControlSignalsU16[39],0
DbgControlSignalsU16[40],0
DbgControlSignalsU16[41],0
DbgControlSignalsU16[42],0
DbgControlSignalsU16[43],0
DbgControlSignalsU16[44],0
DbgControlSignalsU16[45],0
DbgControlSignalsU16[46],0
DbgControlSignalsU16[47],0
DbgControlSignalsU16[48],0
DbgControlSignalsU16[49],0
DbgControlSignalsI16[0],0
DbgControlSignalsI16[1],0
DbgControlSignalsI16[2],0
DbgControlSignalsI16[3],0
DbgControlSignalsI16[4],0
DbgControlSignalsI16[5],0
DbgControlSignalsI16[6],0
DbgControlSignalsI16[7],0
DbgControlSignalsI16[8],0
DbgControlSignalsI16[9],0
DbgControlSignalsI16[10],0
DbgControlSignalsI16[11],0
DbgControlSignalsI16[12],0
DbgControlSignalsI16[13],0
DbgControlSignalsI16[14],0
DbgControlSignalsI16[15],0
DbgControlSignalsI16[16],0
DbgControlSignalsI16[17],0
DbgControlSignalsI16[18],0
DbgControlSignalsI16[19],0
DbgControlSignalsI16[20],0
DbgControlSignalsI16[21],0
DbgControlSignalsI16[22],0
DbgControlSignalsI16[23],0
DbgControlSignalsI16[24],0
DbgControlSignalsI16[25],0
DbgControlSignalsI16[26],0
DbgControlSignalsI16[27],0
DbgControlSignalsI16[28],0
DbgControlSignalsI16[29],0
DbgControlSignalsI16[30],0
DbgControlSignalsI16[31],0
DbgControlSignalsI16[32],0
DbgControlSignalsI16[33],0
DbgControlSignalsI16[34],0
DbgControlSignalsI16[35],0
DbgControlSignalsI16[36],0
DbgControlSignalsI16[37],0
DbgControlSignalsI16[38],0
DbgControlSignalsI16[39],0
DbgControlSignalsI16[40],0
DbgControlSignalsI16[41],0
DbgControlSignalsI16[42],0
DbgControlSignalsI16[43],0
DbgControlSignalsI16[44],0
DbgControlSignalsI16[45],0
DbgControlSignalsI16[46],0
DbgControlSignalsI16[47],0
DbgControlSignalsI16[48],0
DbgControlSignalsI16[49],0
OutputStabilizationCycleQty,0
RawDataStabilizationCycleQty,0
